fit,wtp
3.135778431514071,23.006537887493938
3.070154877696325,21.545239293640414
3.2178560533146694,24.97451870591938
1.2892471187244188,3.6300525281050553
1.223623564906673,3.3994836923734586
1.3713247405250173,3.940567468689438
1.8442426609339304,6.323309087539008
1.7786191071161845,5.921673573177465
1.926320282734529,6.86420537771992
-0.7108488460458582,0.49122704430243375
-0.7764723998636041,0.46002593996364616
-0.6287712242452597,0.5332466391413649
