studyid,q0_all,q1_all,lnq_change,local,prov,reg,cult,forest,volunt,lumpsum,nrev,lnyear,lninc,lnq0
133,2762641,2875215,11.63136606,0,1,1,1,0,1,0,1,3.5,4.862865,6.441324453
134,1250765,1276413,10.15222087,0,1,1,1,0,1,0,1,3.5,4.932942,6.09717572
135,339756,351490,9.370245889,0,1,1,1,0,1,0,1,3.5,4.839333,5.531167135